features,human_mean,ai_mean,human_std,ai_std,diff,abs_diff
char_count,104.64,116.58,69.21,70.11,11.94,11.94
word_count,18.85,19.99,12.37,11.88,1.14,1.14
avg_word_len,4.44,4.74,0.86,0.85,0.3,0.3
ai_tell_count,0.02,0.07,0.14,0.27,0.06,0.06
complex_word_ratio,0.2,0.25,0.13,0.13,0.05,0.05
char_entropy,4.01,4.06,0.27,0.25,0.05,0.05
upper_letter_ratio,0.03,0.02,0.05,0.03,-0.01,0.01
semicolon_dash_count,0.11,0.11,0.47,0.4,0.01,0.01
vocab_div_ratio,0.92,0.92,0.08,0.09,-0.0,0.0
stopword_ratio,0.39,0.39,0.13,0.11,0.0,0.0
rep_bigram,0.01,0.01,0.03,0.03,0.0,0.0
doc_pos,0.5,0.5,0.31,0.31,0.0,0.0
